﻿{
   "CodeGenerationMode": 5,
   "ContextClassName": "DatingAPPContext",
   "ContextNamespace": null,
   "FilterSchemas": false,
   "IncludeConnectionString": false,
   "ModelNamespace": null,
   "OutputContextPath": null,
   "OutputPath": "Entities",
   "PreserveCasingWithRegex": false,
   "ProjectRootNamespace": "DATINGWEBAPI.DAL",
   "Schemas": null,
   "SelectedHandlebarsLanguage": 2,
   "SelectedToBeGenerated": 0,
   "T4TemplatePath": null,
   "Tables": [
      {
         "Name": "[dbo].[CONTACTS]",
         "ObjectType": 0
      },
      {
         "Name": "[dbo].[DEVICES]",
         "ObjectType": 0
      },
      {
         "Name": "[dbo].[INTERESTS]",
         "ObjectType": 0
      },
      {
         "Name": "[dbo].[MATCHES]",
         "ObjectType": 0
      },
      {
         "Name": "[dbo].[NOTIFICATIONSETTINGS]",
         "ObjectType": 0
      },
      {
         "Name": "[dbo].[SWIPES]",
         "ObjectType": 0
      },
      {
         "Name": "[dbo].[USER_MEDIA]",
         "ObjectType": 0
      },
      {
         "Name": "[dbo].[USER_STORIES]",
         "ObjectType": 0
      },
      {
         "Name": "[dbo].[USERINTERESTS]",
         "ObjectType": 0
      },
      {
         "Name": "[dbo].[USERS]",
         "ObjectType": 0
      },
      {
         "Name": "[dbo].[VERIFICATIONCODES]",
         "ObjectType": 0
      }
   ],
   "UiHint": null,
   "UncountableWords": null,
   "UseAsyncStoredProcedureCalls": true,
   "UseBoolPropertiesWithoutDefaultSql": false,
   "UseDatabaseNames": true,
   "UseDatabaseNamesForRoutines": true,
   "UseDateOnlyTimeOnly": false,
   "UseDbContextSplitting": false,
   "UseDecimalDataAnnotationForSprocResult": true,
   "UseFluentApiOnly": true,
   "UseHandleBars": false,
   "UseHierarchyId": false,
   "UseInflector": true,
   "UseInternalAccessModifiersForSprocsAndFunctions": false,
   "UseLegacyPluralizer": false,
   "UseManyToManyEntity": false,
   "UseNoDefaultConstructor": false,
   "UseNoNavigations": false,
   "UseNoObjectFilter": false,
   "UseNodaTime": false,
   "UseNullableReferences": false,
   "UsePrefixNavigationNaming": false,
   "UseSchemaFolders": false,
   "UseSchemaNamespaces": false,
   "UseSpatial": false,
   "UseT4": true,
   "UseT4Split": false
}